type,name,source,repo_path,size,sha256
python,30d_endpoint_path_owner_audit_final.py,C:\Users\Administrator\Desktop\Result\SC_Endpoint_30d_PATH_OWNER_AUDIT_FINAL\30d_endpoint_path_owner_audit_final.py,scripts\30d_endpoint_path_owner_audit_final.py,16427,3e74f1b61eb107f9b08b9b69f5869e99991d7018cf4fb8321cd34eb18f69530a
python,31d_mini1g_baseline_final.py,C:\Users\Administrator\Desktop\Result\SC_Baseline_31d_MINI1G_FINAL\31d_mini1g_baseline_final.py,scripts\31d_mini1g_baseline_final.py,18131,c49d9913551a96e56a27d741b2bc6a992df5450371022dfca8cbfb823f0b511d
python,32b_falsification_matrix_final_fixed.py,C:\Users\Administrator\Desktop\Result\SC_Falsification_32b_FINAL_MATRIX_FIXED\32b_falsification_matrix_final_fixed.py,scripts\32b_falsification_matrix_final_fixed.py,24298,48cb1fa6d401a992e30ea443e2dfb14fb078142896e1200351a12017ba0569cd
python,33b_final_reconstruction_seal_fixed.py,C:\Users\Administrator\Desktop\Result\SC_Final_33b_RECONSTRUCTION_SEAL_FIXED\33b_final_reconstruction_seal_fixed.py,scripts\33b_final_reconstruction_seal_fixed.py,27009,1f81c5cc2540340bf7f22492e2cda8abdbce911227d9bfabc404e833e6e02fa2
python,34_repo_lite_package.py,C:\Users\Administrator\Desktop\Result\SC_Repo_34_LITE_PACKAGE\34_repo_lite_package.py,scripts\34_repo_lite_package.py,9938,f7100d7029e8e80bdeae06bc4a8185669ed4bc50768460c8d112b8f7c800aec2
python,35_repo_readme_builder.py,C:\Users\Administrator\Desktop\Result\SC_Repo_35_README_BUILDER\35_repo_readme_builder.py,scripts\35_repo_readme_builder.py,14294,ed672ed6a2e98963af743e783dc410c7f61f9749bfcdb98a3182f72f0c9e886a
bat,run_30d_endpoint_path_owner_audit_final.bat,C:\Users\Administrator\Desktop\Result\SC_Endpoint_30d_PATH_OWNER_AUDIT_FINAL\run_30d_endpoint_path_owner_audit_final.bat,scripts\run_30d_endpoint_path_owner_audit_final.bat,435,0c3f10eebec572f427911d88d783f61624e49bfc9ff6a55185af509a579cff3a
bat,run_31d_mini1g_baseline_final.bat,C:\Users\Administrator\Desktop\Result\SC_Baseline_31d_MINI1G_FINAL\run_31d_mini1g_baseline_final.bat,scripts\run_31d_mini1g_baseline_final.bat,412,de4e8a448c805344d3e31e0442500cbb8aab0801c4288913fd4e4cd36fba6901
bat,run_32b_falsification_matrix_final_fixed.bat,C:\Users\Administrator\Desktop\Result\SC_Falsification_32b_FINAL_MATRIX_FIXED\run_32b_falsification_matrix_final_fixed.bat,scripts\run_32b_falsification_matrix_final_fixed.bat,456,310213d269528f31540cb97080a872e298db072f5d9e197c8f7b5386f6f78364
bat,run_33b_final_reconstruction_seal_fixed.bat,C:\Users\Administrator\Desktop\Result\SC_Final_33b_RECONSTRUCTION_SEAL_FIXED\run_33b_final_reconstruction_seal_fixed.bat,scripts\run_33b_final_reconstruction_seal_fixed.bat,452,faafe3b3f2835158d87d75500591f8afb04ee9eefb4f40aa976f2428110d11cf
bat,run_34_repo_lite_package.bat,C:\Users\Administrator\Desktop\Result\SC_Repo_34_LITE_PACKAGE\run_34_repo_lite_package.bat,scripts\run_34_repo_lite_package.bat,392,d74f6e32f7bfc41153873b5d09f4be8633f6a6d2dd79f844601819003a518d40
bat,run_35_repo_readme_builder.bat,C:\Users\Administrator\Desktop\Result\SC_Repo_35_README_BUILDER\run_35_repo_readme_builder.bat,scripts\run_35_repo_readme_builder.bat,400,d53e5b0b092355de2bf2fc1fe2211c38ea9b17adb779eac1c90b31ef940ba506
readme,scripts/README.md,generated,scripts/README.md,1373,5eb50df605eb86880a3ef0afd85322a75236e5369c985bc322c22fb7fe855108
