source_key,keyword,count,relative_path,path
22b_axis_fix,C2025AUG,3,00_input_check.csv,C:\Users\Administrator\Desktop\Result\SC_Final_22b_AXIS_FIXED\00_input_check.csv
22b_axis_fix,C2025AUG,1,00_input_check_22b.csv,C:\Users\Administrator\Desktop\Result\SC_Final_22b_AXIS_FIXED\00_input_check_22b.csv
22b_axis_fix,mini1,1,02_final_core_targets.csv,C:\Users\Administrator\Desktop\Result\SC_Final_22b_AXIS_FIXED\02_final_core_targets.csv
22b_axis_fix,15G,2,02_final_core_targets.csv,C:\Users\Administrator\Desktop\Result\SC_Final_22b_AXIS_FIXED\02_final_core_targets.csv
22b_axis_fix,C2025AUG,1,02_final_core_targets.csv,C:\Users\Administrator\Desktop\Result\SC_Final_22b_AXIS_FIXED\02_final_core_targets.csv
22b_axis_fix,mini1,6,03_c2025aug_axis_final_FIXED.csv,C:\Users\Administrator\Desktop\Result\SC_Final_22b_AXIS_FIXED\03_c2025aug_axis_final_FIXED.csv
22b_axis_fix,15G,6,03_c2025aug_axis_final_FIXED.csv,C:\Users\Administrator\Desktop\Result\SC_Final_22b_AXIS_FIXED\03_c2025aug_axis_final_FIXED.csv
22b_axis_fix,BC seam support,1,03_c2025aug_axis_final_FIXED.csv,C:\Users\Administrator\Desktop\Result\SC_Final_22b_AXIS_FIXED\03_c2025aug_axis_final_FIXED.csv
22b_axis_fix,C2025AUG,9,03_c2025aug_axis_final_FIXED.csv,C:\Users\Administrator\Desktop\Result\SC_Final_22b_AXIS_FIXED\03_c2025aug_axis_final_FIXED.csv
22b_axis_fix,mini1,1,04_remote_vs_prereserved_final.csv,C:\Users\Administrator\Desktop\Result\SC_Final_22b_AXIS_FIXED\04_remote_vs_prereserved_final.csv
22b_axis_fix,15G,2,04_remote_vs_prereserved_final.csv,C:\Users\Administrator\Desktop\Result\SC_Final_22b_AXIS_FIXED\04_remote_vs_prereserved_final.csv
22b_axis_fix,C2025AUG,1,04_remote_vs_prereserved_final.csv,C:\Users\Administrator\Desktop\Result\SC_Final_22b_AXIS_FIXED\04_remote_vs_prereserved_final.csv
22b_axis_fix,mini1,1,05_sc_design_final.csv,C:\Users\Administrator\Desktop\Result\SC_Final_22b_AXIS_FIXED\05_sc_design_final.csv
22b_axis_fix,15G,2,05_sc_design_final.csv,C:\Users\Administrator\Desktop\Result\SC_Final_22b_AXIS_FIXED\05_sc_design_final.csv
22b_axis_fix,C2025AUG,1,05_sc_design_final.csv,C:\Users\Administrator\Desktop\Result\SC_Final_22b_AXIS_FIXED\05_sc_design_final.csv
22b_axis_fix,mini1,1,06_sc_purpose_final.csv,C:\Users\Administrator\Desktop\Result\SC_Final_22b_AXIS_FIXED\06_sc_purpose_final.csv
22b_axis_fix,15G,2,06_sc_purpose_final.csv,C:\Users\Administrator\Desktop\Result\SC_Final_22b_AXIS_FIXED\06_sc_purpose_final.csv
22b_axis_fix,C2025AUG,1,06_sc_purpose_final.csv,C:\Users\Administrator\Desktop\Result\SC_Final_22b_AXIS_FIXED\06_sc_purpose_final.csv
22b_axis_fix,mini1,2,07_external_language_axis_FIXED.csv,C:\Users\Administrator\Desktop\Result\SC_Final_22b_AXIS_FIXED\07_external_language_axis_FIXED.csv
22b_axis_fix,15G,2,07_external_language_axis_FIXED.csv,C:\Users\Administrator\Desktop\Result\SC_Final_22b_AXIS_FIXED\07_external_language_axis_FIXED.csv
22b_axis_fix,C2025AUG,3,07_external_language_axis_FIXED.csv,C:\Users\Administrator\Desktop\Result\SC_Final_22b_AXIS_FIXED\07_external_language_axis_FIXED.csv
22b_axis_fix,mini1,4,22_MASTER_SUMMARY.json,C:\Users\Administrator\Desktop\Result\SC_Final_22b_AXIS_FIXED\22_MASTER_SUMMARY.json
22b_axis_fix,15G,8,22_MASTER_SUMMARY.json,C:\Users\Administrator\Desktop\Result\SC_Final_22b_AXIS_FIXED\22_MASTER_SUMMARY.json
22b_axis_fix,C2025AUG,5,22_MASTER_SUMMARY.json,C:\Users\Administrator\Desktop\Result\SC_Final_22b_AXIS_FIXED\22_MASTER_SUMMARY.json
22b_axis_fix,mini1,11,22b_MASTER_SUMMARY.json,C:\Users\Administrator\Desktop\Result\SC_Final_22b_AXIS_FIXED\22b_MASTER_SUMMARY.json
22b_axis_fix,15G,11,22b_MASTER_SUMMARY.json,C:\Users\Administrator\Desktop\Result\SC_Final_22b_AXIS_FIXED\22b_MASTER_SUMMARY.json
22b_axis_fix,BC seam support,2,22b_MASTER_SUMMARY.json,C:\Users\Administrator\Desktop\Result\SC_Final_22b_AXIS_FIXED\22b_MASTER_SUMMARY.json
22b_axis_fix,C2025AUG,17,22b_MASTER_SUMMARY.json,C:\Users\Administrator\Desktop\Result\SC_Final_22b_AXIS_FIXED\22b_MASTER_SUMMARY.json
22b_axis_fix,C2025AUG,1,22b_SHA256_MANIFEST.csv,C:\Users\Administrator\Desktop\Result\SC_Final_22b_AXIS_FIXED\22b_SHA256_MANIFEST.csv
24c_reconstruction,baseline,2,00_input_check.csv,C:\Users\Administrator\Desktop\Result\SC_Reconstruction_24c_BASELINE_CONTROL\00_input_check.csv
24c_reconstruction,SC_RECONSTRUCTION,1,00_input_check.csv,C:\Users\Administrator\Desktop\Result\SC_Reconstruction_24c_BASELINE_CONTROL\00_input_check.csv
24c_reconstruction,94.05,2,24c_final_reconstruction_statement.csv,C:\Users\Administrator\Desktop\Result\SC_Reconstruction_24c_BASELINE_CONTROL\24c_final_reconstruction_statement.csv
24c_reconstruction,VERY_STRONG_RECONSTRUCTION_WITH_BASELINE_CONTROL,1,24c_final_reconstruction_statement.csv,C:\Users\Administrator\Desktop\Result\SC_Reconstruction_24c_BASELINE_CONTROL\24c_final_reconstruction_statement.csv
24c_reconstruction,baseline,3,24c_final_reconstruction_statement.csv,C:\Users\Administrator\Desktop\Result\SC_Reconstruction_24c_BASELINE_CONTROL\24c_final_reconstruction_statement.csv
24c_reconstruction,94.05,9,24c_MASTER_SUMMARY.json,C:\Users\Administrator\Desktop\Result\SC_Reconstruction_24c_BASELINE_CONTROL\24c_MASTER_SUMMARY.json
24c_reconstruction,VERY_STRONG_RECONSTRUCTION_WITH_BASELINE_CONTROL,2,24c_MASTER_SUMMARY.json,C:\Users\Administrator\Desktop\Result\SC_Reconstruction_24c_BASELINE_CONTROL\24c_MASTER_SUMMARY.json
24c_reconstruction,baseline,26,24c_MASTER_SUMMARY.json,C:\Users\Administrator\Desktop\Result\SC_Reconstruction_24c_BASELINE_CONTROL\24c_MASTER_SUMMARY.json
24c_reconstruction,SC_RECONSTRUCTION,5,24c_MASTER_SUMMARY.json,C:\Users\Administrator\Desktop\Result\SC_Reconstruction_24c_BASELINE_CONTROL\24c_MASTER_SUMMARY.json
24c_reconstruction,94.05,3,24c_sc_reconstruction_score_by_focus.csv,C:\Users\Administrator\Desktop\Result\SC_Reconstruction_24c_BASELINE_CONTROL\24c_sc_reconstruction_score_by_focus.csv
24c_reconstruction,baseline,7,24c_sc_reconstruction_score_by_focus.csv,C:\Users\Administrator\Desktop\Result\SC_Reconstruction_24c_BASELINE_CONTROL\24c_sc_reconstruction_score_by_focus.csv
24c_reconstruction,SC_RECONSTRUCTION,1,24c_sc_reconstruction_score_by_focus.csv,C:\Users\Administrator\Desktop\Result\SC_Reconstruction_24c_BASELINE_CONTROL\24c_sc_reconstruction_score_by_focus.csv
24c_reconstruction,baseline,9,24c_score_components.csv,C:\Users\Administrator\Desktop\Result\SC_Reconstruction_24c_BASELINE_CONTROL\24c_score_components.csv
24c_reconstruction,SC_RECONSTRUCTION,1,24c_SHA256_MANIFEST.csv,C:\Users\Administrator\Desktop\Result\SC_Reconstruction_24c_BASELINE_CONTROL\24c_SHA256_MANIFEST.csv
24c_reconstruction,94.05,3,24c_strength_weakness_matrix.csv,C:\Users\Administrator\Desktop\Result\SC_Reconstruction_24c_BASELINE_CONTROL\24c_strength_weakness_matrix.csv
24c_reconstruction,baseline,3,24c_strength_weakness_matrix.csv,C:\Users\Administrator\Desktop\Result\SC_Reconstruction_24c_BASELINE_CONTROL\24c_strength_weakness_matrix.csv
25b_internal_control,INTERNAL_CONTROL_GAP_STRONG,1,25b_MASTER_SUMMARY.json,C:\Users\Administrator\Desktop\Result\SC_Internal_Control_25b_STRICT\25b_MASTER_SUMMARY.json
25b_internal_control,89.523,1,25b_MASTER_SUMMARY.json,C:\Users\Administrator\Desktop\Result\SC_Internal_Control_25b_STRICT\25b_MASTER_SUMMARY.json
25b_internal_control,53.935,1,25b_MASTER_SUMMARY.json,C:\Users\Administrator\Desktop\Result\SC_Internal_Control_25b_STRICT\25b_MASTER_SUMMARY.json
25b_internal_control,65,5,25b_MASTER_SUMMARY.json,C:\Users\Administrator\Desktop\Result\SC_Internal_Control_25b_STRICT\25b_MASTER_SUMMARY.json
25b_internal_control,65,5,25b_SHA256_MANIFEST.csv,C:\Users\Administrator\Desktop\Result\SC_Internal_Control_25b_STRICT\25b_SHA256_MANIFEST.csv
25b_internal_control,65,16,RUN1/00_csv_index.csv,C:\Users\Administrator\Desktop\Result\SC_Internal_Control_25b_STRICT\RUN1\00_csv_index.csv
25b_internal_control,89.523,1,RUN1/25b_control_type_summary.csv,C:\Users\Administrator\Desktop\Result\SC_Internal_Control_25b_STRICT\RUN1\25b_control_type_summary.csv
25b_internal_control,65,1,RUN1/25b_control_type_summary.csv,C:\Users\Administrator\Desktop\Result\SC_Internal_Control_25b_STRICT\RUN1\25b_control_type_summary.csv
25b_internal_control,INTERNAL_CONTROL_GAP_STRONG,1,RUN1/25b_final_vs_control_summary.csv,C:\Users\Administrator\Desktop\Result\SC_Internal_Control_25b_STRICT\RUN1\25b_final_vs_control_summary.csv
25b_internal_control,89.523,1,RUN1/25b_final_vs_control_summary.csv,C:\Users\Administrator\Desktop\Result\SC_Internal_Control_25b_STRICT\RUN1\25b_final_vs_control_summary.csv
25b_internal_control,53.935,1,RUN1/25b_final_vs_control_summary.csv,C:\Users\Administrator\Desktop\Result\SC_Internal_Control_25b_STRICT\RUN1\25b_final_vs_control_summary.csv
25b_internal_control,65,1,RUN1/25b_final_vs_control_summary.csv,C:\Users\Administrator\Desktop\Result\SC_Internal_Control_25b_STRICT\RUN1\25b_final_vs_control_summary.csv
25b_internal_control,65,74,RUN1/25b_observation_index.csv,C:\Users\Administrator\Desktop\Result\SC_Internal_Control_25b_STRICT\RUN1\25b_observation_index.csv
25b_internal_control,65,15,RUN1/25b_strict_control_rank.csv,C:\Users\Administrator\Desktop\Result\SC_Internal_Control_25b_STRICT\RUN1\25b_strict_control_rank.csv
25b_internal_control,INTERNAL_CONTROL_GAP_STRONG,1,RUN1/99_summary.json,C:\Users\Administrator\Desktop\Result\SC_Internal_Control_25b_STRICT\RUN1\99_summary.json
25b_internal_control,89.523,1,RUN1/99_summary.json,C:\Users\Administrator\Desktop\Result\SC_Internal_Control_25b_STRICT\RUN1\99_summary.json
25b_internal_control,53.935,1,RUN1/99_summary.json,C:\Users\Administrator\Desktop\Result\SC_Internal_Control_25b_STRICT\RUN1\99_summary.json
25b_internal_control,65,1,RUN1/99_summary.json,C:\Users\Administrator\Desktop\Result\SC_Internal_Control_25b_STRICT\RUN1\99_summary.json
25b_internal_control,65,2,RUN1_RUN2_25b_COMPARE.csv,C:\Users\Administrator\Desktop\Result\SC_Internal_Control_25b_STRICT\RUN1_RUN2_25b_COMPARE.csv
25b_internal_control,65,20,RUN2/00_csv_index.csv,C:\Users\Administrator\Desktop\Result\SC_Internal_Control_25b_STRICT\RUN2\00_csv_index.csv
25b_internal_control,89.523,1,RUN2/25b_control_type_summary.csv,C:\Users\Administrator\Desktop\Result\SC_Internal_Control_25b_STRICT\RUN2\25b_control_type_summary.csv
25b_internal_control,65,1,RUN2/25b_control_type_summary.csv,C:\Users\Administrator\Desktop\Result\SC_Internal_Control_25b_STRICT\RUN2\25b_control_type_summary.csv
25b_internal_control,INTERNAL_CONTROL_GAP_STRONG,1,RUN2/25b_final_vs_control_summary.csv,C:\Users\Administrator\Desktop\Result\SC_Internal_Control_25b_STRICT\RUN2\25b_final_vs_control_summary.csv
25b_internal_control,89.523,1,RUN2/25b_final_vs_control_summary.csv,C:\Users\Administrator\Desktop\Result\SC_Internal_Control_25b_STRICT\RUN2\25b_final_vs_control_summary.csv
25b_internal_control,65,1,RUN2/25b_final_vs_control_summary.csv,C:\Users\Administrator\Desktop\Result\SC_Internal_Control_25b_STRICT\RUN2\25b_final_vs_control_summary.csv
25b_internal_control,65,74,RUN2/25b_observation_index.csv,C:\Users\Administrator\Desktop\Result\SC_Internal_Control_25b_STRICT\RUN2\25b_observation_index.csv
25b_internal_control,65,15,RUN2/25b_strict_control_rank.csv,C:\Users\Administrator\Desktop\Result\SC_Internal_Control_25b_STRICT\RUN2\25b_strict_control_rank.csv
25b_internal_control,INTERNAL_CONTROL_GAP_STRONG,1,RUN2/99_summary.json,C:\Users\Administrator\Desktop\Result\SC_Internal_Control_25b_STRICT\RUN2\99_summary.json
25b_internal_control,89.523,1,RUN2/99_summary.json,C:\Users\Administrator\Desktop\Result\SC_Internal_Control_25b_STRICT\RUN2\99_summary.json
25b_internal_control,65,1,RUN2/99_summary.json,C:\Users\Administrator\Desktop\Result\SC_Internal_Control_25b_STRICT\RUN2\99_summary.json
27_wiring,TELECOM_BASEBAND_UPSTREAM,2,27_MASTER_SUMMARY.json,C:\Users\Administrator\Desktop\Result\SC_Wiring_27\27_MASTER_SUMMARY.json
27_wiring,ACCOUNT_CLOUD_TRUST_UPSTREAM,1,27_MASTER_SUMMARY.json,C:\Users\Administrator\Desktop\Result\SC_Wiring_27\27_MASTER_SUMMARY.json
27_wiring,Baseband,61,27_MASTER_SUMMARY.json,C:\Users\Administrator\Desktop\Result\SC_Wiring_27\27_MASTER_SUMMARY.json
27_wiring,CommCenter,12,27_MASTER_SUMMARY.json,C:\Users\Administrator\Desktop\Result\SC_Wiring_27\27_MASTER_SUMMARY.json
27_wiring,SFA,5,27_MASTER_SUMMARY.json,C:\Users\Administrator\Desktop\Result\SC_Wiring_27\27_MASTER_SUMMARY.json
27_wiring,CKKS,4,27_MASTER_SUMMARY.json,C:\Users\Administrator\Desktop\Result\SC_Wiring_27\27_MASTER_SUMMARY.json
27_wiring,Baseband,6,27a_upstream_candidate_evidence.csv,C:\Users\Administrator\Desktop\Result\SC_Wiring_27\27a_upstream_candidate_evidence.csv
27_wiring,CommCenter,3,27a_upstream_candidate_evidence.csv,C:\Users\Administrator\Desktop\Result\SC_Wiring_27\27a_upstream_candidate_evidence.csv
27_wiring,SFA,3,27a_upstream_candidate_evidence.csv,C:\Users\Administrator\Desktop\Result\SC_Wiring_27\27a_upstream_candidate_evidence.csv
27_wiring,CKKS,3,27a_upstream_candidate_evidence.csv,C:\Users\Administrator\Desktop\Result\SC_Wiring_27\27a_upstream_candidate_evidence.csv
27_wiring,Baseband,11,27a_upstream_candidate_score.csv,C:\Users\Administrator\Desktop\Result\SC_Wiring_27\27a_upstream_candidate_score.csv
27_wiring,CommCenter,3,27a_upstream_candidate_score.csv,C:\Users\Administrator\Desktop\Result\SC_Wiring_27\27a_upstream_candidate_score.csv
27_wiring,SFA,3,27a_upstream_candidate_score.csv,C:\Users\Administrator\Desktop\Result\SC_Wiring_27\27a_upstream_candidate_score.csv
27_wiring,CKKS,3,27a_upstream_candidate_score.csv,C:\Users\Administrator\Desktop\Result\SC_Wiring_27\27a_upstream_candidate_score.csv
27_wiring,Baseband,2,27b_raw_daemon_order_edges.csv,C:\Users\Administrator\Desktop\Result\SC_Wiring_27\27b_raw_daemon_order_edges.csv
27_wiring,CommCenter,1,27b_raw_daemon_order_edges.csv,C:\Users\Administrator\Desktop\Result\SC_Wiring_27\27b_raw_daemon_order_edges.csv
27_wiring,Baseband,19,27b_raw_daemon_order_summary.csv,C:\Users\Administrator\Desktop\Result\SC_Wiring_27\27b_raw_daemon_order_summary.csv
27_wiring,CommCenter,3,27b_raw_daemon_order_summary.csv,C:\Users\Administrator\Desktop\Result\SC_Wiring_27\27b_raw_daemon_order_summary.csv
27_wiring,CommCenter,8,27c_machservices_file_index.csv,C:\Users\Administrator\Desktop\Result\SC_Wiring_27\27c_machservices_file_index.csv
27_wiring,SFA,1938,27c_machservices_file_index.csv,C:\Users\Administrator\Desktop\Result\SC_Wiring_27\27c_machservices_file_index.csv
27_wiring,CKKS,923,27c_machservices_file_index.csv,C:\Users\Administrator\Desktop\Result\SC_Wiring_27\27c_machservices_file_index.csv
27_wiring,Baseband,425,27c_machservices_launchd_hits.csv,C:\Users\Administrator\Desktop\Result\SC_Wiring_27\27c_machservices_launchd_hits.csv
27_wiring,CommCenter,36,27c_machservices_launchd_hits.csv,C:\Users\Administrator\Desktop\Result\SC_Wiring_27\27c_machservices_launchd_hits.csv
27_wiring,SFA,58,27c_machservices_launchd_hits.csv,C:\Users\Administrator\Desktop\Result\SC_Wiring_27\27c_machservices_launchd_hits.csv
27_wiring,CKKS,1312,27c_machservices_launchd_hits.csv,C:\Users\Administrator\Desktop\Result\SC_Wiring_27\27c_machservices_launchd_hits.csv
27_wiring,TELECOM_BASEBAND_UPSTREAM,2,27d_wiring_model_summary.csv,C:\Users\Administrator\Desktop\Result\SC_Wiring_27\27d_wiring_model_summary.csv
27_wiring,ACCOUNT_CLOUD_TRUST_UPSTREAM,1,27d_wiring_model_summary.csv,C:\Users\Administrator\Desktop\Result\SC_Wiring_27\27d_wiring_model_summary.csv
27_wiring,Baseband,30,27d_wiring_model_summary.csv,C:\Users\Administrator\Desktop\Result\SC_Wiring_27\27d_wiring_model_summary.csv
27_wiring,CommCenter,5,27d_wiring_model_summary.csv,C:\Users\Administrator\Desktop\Result\SC_Wiring_27\27d_wiring_model_summary.csv
27_wiring,SFA,1,27d_wiring_model_summary.csv,C:\Users\Administrator\Desktop\Result\SC_Wiring_27\27d_wiring_model_summary.csv
27_wiring,CKKS,1,27d_wiring_model_summary.csv,C:\Users\Administrator\Desktop\Result\SC_Wiring_27\27d_wiring_model_summary.csv
27_wiring,Baseband,3,27e_wiring_boundary_statement.csv,C:\Users\Administrator\Desktop\Result\SC_Wiring_27\27e_wiring_boundary_statement.csv
27_wiring,CommCenter,1,27e_wiring_boundary_statement.csv,C:\Users\Administrator\Desktop\Result\SC_Wiring_27\27e_wiring_boundary_statement.csv
27_wiring,SFA,2,27e_wiring_boundary_statement.csv,C:\Users\Administrator\Desktop\Result\SC_Wiring_27\27e_wiring_boundary_statement.csv
28_victim,JETSAM,95,00_file_scan_index.csv,C:\Users\Administrator\Desktop\Result\SC_JetsamVictim_28\00_file_scan_index.csv
28_victim,EVIDENCE_PRESERVATION_TARGET_PRESENT,3,28_MASTER_SUMMARY.json,C:\Users\Administrator\Desktop\Result\SC_JetsamVictim_28\28_MASTER_SUMMARY.json
28_victim,BACKUP_IMPACT,3,28_MASTER_SUMMARY.json,C:\Users\Administrator\Desktop\Result\SC_JetsamVictim_28\28_MASTER_SUMMARY.json
28_victim,LOGD_DELETED,3,28_MASTER_SUMMARY.json,C:\Users\Administrator\Desktop\Result\SC_JetsamVictim_28\28_MASTER_SUMMARY.json
28_victim,JETSAM,9,28_MASTER_SUMMARY.json,C:\Users\Administrator\Desktop\Result\SC_JetsamVictim_28\28_MASTER_SUMMARY.json
28_victim,MEMORY_PRESSURE,3,28_MASTER_SUMMARY.json,C:\Users\Administrator\Desktop\Result\SC_JetsamVictim_28\28_MASTER_SUMMARY.json
28_victim,BACKUP_IMPACT,491,28a_resource_file_index.csv,C:\Users\Administrator\Desktop\Result\SC_JetsamVictim_28\28a_resource_file_index.csv
28_victim,LOGD_DELETED,386,28a_resource_file_index.csv,C:\Users\Administrator\Desktop\Result\SC_JetsamVictim_28\28a_resource_file_index.csv
28_victim,JETSAM,478,28a_resource_file_index.csv,C:\Users\Administrator\Desktop\Result\SC_JetsamVictim_28\28a_resource_file_index.csv
28_victim,MEMORY_PRESSURE,668,28a_resource_file_index.csv,C:\Users\Administrator\Desktop\Result\SC_JetsamVictim_28\28a_resource_file_index.csv
28_victim,BACKUP_IMPACT,31,28b_victim_process_events.csv,C:\Users\Administrator\Desktop\Result\SC_JetsamVictim_28\28b_victim_process_events.csv
28_victim,LOGD_DELETED,23,28b_victim_process_events.csv,C:\Users\Administrator\Desktop\Result\SC_JetsamVictim_28\28b_victim_process_events.csv
28_victim,JETSAM,947,28b_victim_process_events.csv,C:\Users\Administrator\Desktop\Result\SC_JetsamVictim_28\28b_victim_process_events.csv
28_victim,MEMORY_PRESSURE,42,28b_victim_process_events.csv,C:\Users\Administrator\Desktop\Result\SC_JetsamVictim_28\28b_victim_process_events.csv
28_victim,EVIDENCE_PRESERVATION_TARGET_PRESENT,3,28c_victim_process_summary_by_focus.csv,C:\Users\Administrator\Desktop\Result\SC_JetsamVictim_28\28c_victim_process_summary_by_focus.csv
28_victim,BACKUP_IMPACT,3,28c_victim_process_summary_by_focus.csv,C:\Users\Administrator\Desktop\Result\SC_JetsamVictim_28\28c_victim_process_summary_by_focus.csv
28_victim,LOGD_DELETED,3,28c_victim_process_summary_by_focus.csv,C:\Users\Administrator\Desktop\Result\SC_JetsamVictim_28\28c_victim_process_summary_by_focus.csv
28_victim,JETSAM,8,28c_victim_process_summary_by_focus.csv,C:\Users\Administrator\Desktop\Result\SC_JetsamVictim_28\28c_victim_process_summary_by_focus.csv
28_victim,MEMORY_PRESSURE,3,28c_victim_process_summary_by_focus.csv,C:\Users\Administrator\Desktop\Result\SC_JetsamVictim_28\28c_victim_process_summary_by_focus.csv
28_victim,EVIDENCE_PRESERVATION_TARGET_PRESENT,3,28e_evidence_preservation_target_summary.csv,C:\Users\Administrator\Desktop\Result\SC_JetsamVictim_28\28e_evidence_preservation_target_summary.csv
28_victim,BACKUP_IMPACT,299,28f_manual_review_top_files.csv,C:\Users\Administrator\Desktop\Result\SC_JetsamVictim_28\28f_manual_review_top_files.csv
28_victim,LOGD_DELETED,299,28f_manual_review_top_files.csv,C:\Users\Administrator\Desktop\Result\SC_JetsamVictim_28\28f_manual_review_top_files.csv
28_victim,JETSAM,926,28f_manual_review_top_files.csv,C:\Users\Administrator\Desktop\Result\SC_JetsamVictim_28\28f_manual_review_top_files.csv
28_victim,MEMORY_PRESSURE,300,28f_manual_review_top_files.csv,C:\Users\Administrator\Desktop\Result\SC_JetsamVictim_28\28f_manual_review_top_files.csv
28_victim,JETSAM,2,28g_victim_boundary_statement.csv,C:\Users\Administrator\Desktop\Result\SC_JetsamVictim_28\28g_victim_boundary_statement.csv
29f_usageclientid,usageClientId,11,00_input_check.csv,C:\Users\Administrator\Desktop\Result\SC_UsageClientId_29f_FINAL_VERDICT\00_input_check.csv
29f_usageclientid,timeline,5,00_input_check.csv,C:\Users\Administrator\Desktop\Result\SC_UsageClientId_29f_FINAL_VERDICT\00_input_check.csv
29f_usageclientid,TARGET_BROAD_RAW_UUID_FROM_TO_SUPPORTED,3,29f1_final_usageclientid_verdict_by_focus.csv,C:\Users\Administrator\Desktop\Result\SC_UsageClientId_29f_FINAL_VERDICT\29f1_final_usageclientid_verdict_by_focus.csv
29f_usageclientid,usageClientId,1,29f1_final_usageclientid_verdict_by_focus.csv,C:\Users\Administrator\Desktop\Result\SC_UsageClientId_29f_FINAL_VERDICT\29f1_final_usageclientid_verdict_by_focus.csv
29f_usageclientid,Ngoc,1,29f1_final_usageclientid_verdict_by_focus.csv,C:\Users\Administrator\Desktop\Result\SC_UsageClientId_29f_FINAL_VERDICT\29f1_final_usageclientid_verdict_by_focus.csv
29f_usageclientid,external,4,29f1_final_usageclientid_verdict_by_focus.csv,C:\Users\Administrator\Desktop\Result\SC_UsageClientId_29f_FINAL_VERDICT\29f1_final_usageclientid_verdict_by_focus.csv
29f_usageclientid,timeline,4,29f1_final_usageclientid_verdict_by_focus.csv,C:\Users\Administrator\Desktop\Result\SC_UsageClientId_29f_FINAL_VERDICT\29f1_final_usageclientid_verdict_by_focus.csv
29f_usageclientid,usageClientId,2,29f2_adopted_target_usageclientid_transitions.csv,C:\Users\Administrator\Desktop\Result\SC_UsageClientId_29f_FINAL_VERDICT\29f2_adopted_target_usageclientid_transitions.csv
29f_usageclientid,external,1,29f2_adopted_target_usageclientid_transitions.csv,C:\Users\Administrator\Desktop\Result\SC_UsageClientId_29f_FINAL_VERDICT\29f2_adopted_target_usageclientid_transitions.csv
29f_usageclientid,usageClientId,2,29f3_external_cluster_usageclientid_transitions.csv,C:\Users\Administrator\Desktop\Result\SC_UsageClientId_29f_FINAL_VERDICT\29f3_external_cluster_usageclientid_transitions.csv
29f_usageclientid,Ngoc,108,29f3_external_cluster_usageclientid_transitions.csv,C:\Users\Administrator\Desktop\Result\SC_UsageClientId_29f_FINAL_VERDICT\29f3_external_cluster_usageclientid_transitions.csv
29f_usageclientid,external,157,29f3_external_cluster_usageclientid_transitions.csv,C:\Users\Administrator\Desktop\Result\SC_UsageClientId_29f_FINAL_VERDICT\29f3_external_cluster_usageclientid_transitions.csv
29f_usageclientid,timeline,10,29f3_external_cluster_usageclientid_transitions.csv,C:\Users\Administrator\Desktop\Result\SC_UsageClientId_29f_FINAL_VERDICT\29f3_external_cluster_usageclientid_transitions.csv
29f_usageclientid,usageClientId,2,29f5_final_usageclientid_boundary_statement.csv,C:\Users\Administrator\Desktop\Result\SC_UsageClientId_29f_FINAL_VERDICT\29f5_final_usageclientid_boundary_statement.csv
29f_usageclientid,Ngoc,2,29f5_final_usageclientid_boundary_statement.csv,C:\Users\Administrator\Desktop\Result\SC_UsageClientId_29f_FINAL_VERDICT\29f5_final_usageclientid_boundary_statement.csv
29f_usageclientid,external,2,29f5_final_usageclientid_boundary_statement.csv,C:\Users\Administrator\Desktop\Result\SC_UsageClientId_29f_FINAL_VERDICT\29f5_final_usageclientid_boundary_statement.csv
29f_usageclientid,timeline,1,29f5_final_usageclientid_boundary_statement.csv,C:\Users\Administrator\Desktop\Result\SC_UsageClientId_29f_FINAL_VERDICT\29f5_final_usageclientid_boundary_statement.csv
29f_usageclientid,TARGET_BROAD_RAW_UUID_FROM_TO_SUPPORTED,3,29f6_usageclientid_score_update_reference.csv,C:\Users\Administrator\Desktop\Result\SC_UsageClientId_29f_FINAL_VERDICT\29f6_usageclientid_score_update_reference.csv
29f_usageclientid,usageClientId,4,29f6_usageclientid_score_update_reference.csv,C:\Users\Administrator\Desktop\Result\SC_UsageClientId_29f_FINAL_VERDICT\29f6_usageclientid_score_update_reference.csv
29f_usageclientid,TARGET_BROAD_RAW_UUID_FROM_TO_SUPPORTED,6,29f_MASTER_SUMMARY.json,C:\Users\Administrator\Desktop\Result\SC_UsageClientId_29f_FINAL_VERDICT\29f_MASTER_SUMMARY.json
29f_usageclientid,usageClientId,22,29f_MASTER_SUMMARY.json,C:\Users\Administrator\Desktop\Result\SC_UsageClientId_29f_FINAL_VERDICT\29f_MASTER_SUMMARY.json
29f_usageclientid,Ngoc,1,29f_MASTER_SUMMARY.json,C:\Users\Administrator\Desktop\Result\SC_UsageClientId_29f_FINAL_VERDICT\29f_MASTER_SUMMARY.json
29f_usageclientid,external,12,29f_MASTER_SUMMARY.json,C:\Users\Administrator\Desktop\Result\SC_UsageClientId_29f_FINAL_VERDICT\29f_MASTER_SUMMARY.json
29f_usageclientid,timeline,12,29f_MASTER_SUMMARY.json,C:\Users\Administrator\Desktop\Result\SC_UsageClientId_29f_FINAL_VERDICT\29f_MASTER_SUMMARY.json
29f_usageclientid,usageClientId,5,29f_SHA256_MANIFEST.csv,C:\Users\Administrator\Desktop\Result\SC_UsageClientId_29f_FINAL_VERDICT\29f_SHA256_MANIFEST.csv
29f_usageclientid,external,1,29f_SHA256_MANIFEST.csv,C:\Users\Administrator\Desktop\Result\SC_UsageClientId_29f_FINAL_VERDICT\29f_SHA256_MANIFEST.csv
30d_endpoint,PATH_TARGET_MISMATCH,1,30d0_overview.csv,C:\Users\Administrator\Desktop\Result\SC_Endpoint_30d_PATH_OWNER_AUDIT_FINAL\30d0_overview.csv
30d_endpoint,TARGET_PATH_ONLY,1,30d10_final_endpoint_boundary_statement.csv,C:\Users\Administrator\Desktop\Result\SC_Endpoint_30d_PATH_OWNER_AUDIT_FINAL\30d10_final_endpoint_boundary_statement.csv
30d_endpoint,PATH_TARGET_MISMATCH,1,30d10_final_endpoint_boundary_statement.csv,C:\Users\Administrator\Desktop\Result\SC_Endpoint_30d_PATH_OWNER_AUDIT_FINAL\30d10_final_endpoint_boundary_statement.csv
30d_endpoint,C2025AUG,1,30d10_final_endpoint_boundary_statement.csv,C:\Users\Administrator\Desktop\Result\SC_Endpoint_30d_PATH_OWNER_AUDIT_FINAL\30d10_final_endpoint_boundary_statement.csv
30d_endpoint,TARGET_PATH_ONLY,393,30d1_path_owner_audited_rows.csv,C:\Users\Administrator\Desktop\Result\SC_Endpoint_30d_PATH_OWNER_AUDIT_FINAL\30d1_path_owner_audited_rows.csv
30d_endpoint,PATH_TARGET_MISMATCH,233,30d1_path_owner_audited_rows.csv,C:\Users\Administrator\Desktop\Result\SC_Endpoint_30d_PATH_OWNER_AUDIT_FINAL\30d1_path_owner_audited_rows.csv
30d_endpoint,mini1,4080,30d1_path_owner_audited_rows.csv,C:\Users\Administrator\Desktop\Result\SC_Endpoint_30d_PATH_OWNER_AUDIT_FINAL\30d1_path_owner_audited_rows.csv
30d_endpoint,C2025AUG,1968,30d1_path_owner_audited_rows.csv,C:\Users\Administrator\Desktop\Result\SC_Endpoint_30d_PATH_OWNER_AUDIT_FINAL\30d1_path_owner_audited_rows.csv
30d_endpoint,icloud.com,50,30d1_path_owner_audited_rows.csv,C:\Users\Administrator\Desktop\Result\SC_Endpoint_30d_PATH_OWNER_AUDIT_FINAL\30d1_path_owner_audited_rows.csv
30d_endpoint,apple.com,1203,30d1_path_owner_audited_rows.csv,C:\Users\Administrator\Desktop\Result\SC_Endpoint_30d_PATH_OWNER_AUDIT_FINAL\30d1_path_owner_audited_rows.csv
30d_endpoint,TARGET_PATH_ONLY,631,30d2_final_target_only_endpoint_rows.csv,C:\Users\Administrator\Desktop\Result\SC_Endpoint_30d_PATH_OWNER_AUDIT_FINAL\30d2_final_target_only_endpoint_rows.csv
30d_endpoint,mini1,5048,30d2_final_target_only_endpoint_rows.csv,C:\Users\Administrator\Desktop\Result\SC_Endpoint_30d_PATH_OWNER_AUDIT_FINAL\30d2_final_target_only_endpoint_rows.csv
30d_endpoint,C2025AUG,3155,30d2_final_target_only_endpoint_rows.csv,C:\Users\Administrator\Desktop\Result\SC_Endpoint_30d_PATH_OWNER_AUDIT_FINAL\30d2_final_target_only_endpoint_rows.csv
30d_endpoint,icloud.com,18,30d2_final_target_only_endpoint_rows.csv,C:\Users\Administrator\Desktop\Result\SC_Endpoint_30d_PATH_OWNER_AUDIT_FINAL\30d2_final_target_only_endpoint_rows.csv
30d_endpoint,apple.com,1244,30d2_final_target_only_endpoint_rows.csv,C:\Users\Administrator\Desktop\Result\SC_Endpoint_30d_PATH_OWNER_AUDIT_FINAL\30d2_final_target_only_endpoint_rows.csv
30d_endpoint,mini1,3040,30d3_external_cluster_support_endpoint_rows.csv,C:\Users\Administrator\Desktop\Result\SC_Endpoint_30d_PATH_OWNER_AUDIT_FINAL\30d3_external_cluster_support_endpoint_rows.csv
30d_endpoint,C2025AUG,3040,30d3_external_cluster_support_endpoint_rows.csv,C:\Users\Administrator\Desktop\Result\SC_Endpoint_30d_PATH_OWNER_AUDIT_FINAL\30d3_external_cluster_support_endpoint_rows.csv
30d_endpoint,icloud.com,146,30d3_external_cluster_support_endpoint_rows.csv,C:\Users\Administrator\Desktop\Result\SC_Endpoint_30d_PATH_OWNER_AUDIT_FINAL\30d3_external_cluster_support_endpoint_rows.csv
30d_endpoint,apple.com,1070,30d3_external_cluster_support_endpoint_rows.csv,C:\Users\Administrator\Desktop\Result\SC_Endpoint_30d_PATH_OWNER_AUDIT_FINAL\30d3_external_cluster_support_endpoint_rows.csv
30d_endpoint,PATH_TARGET_MISMATCH,245,30d4_path_target_mismatch_rows.csv,C:\Users\Administrator\Desktop\Result\SC_Endpoint_30d_PATH_OWNER_AUDIT_FINAL\30d4_path_target_mismatch_rows.csv
30d_endpoint,mini1,932,30d4_path_target_mismatch_rows.csv,C:\Users\Administrator\Desktop\Result\SC_Endpoint_30d_PATH_OWNER_AUDIT_FINAL\30d4_path_target_mismatch_rows.csv
30d_endpoint,icloud.com,60,30d4_path_target_mismatch_rows.csv,C:\Users\Administrator\Desktop\Result\SC_Endpoint_30d_PATH_OWNER_AUDIT_FINAL\30d4_path_target_mismatch_rows.csv
30d_endpoint,apple.com,430,30d4_path_target_mismatch_rows.csv,C:\Users\Administrator\Desktop\Result\SC_Endpoint_30d_PATH_OWNER_AUDIT_FINAL\30d4_path_target_mismatch_rows.csv
30d_endpoint,PATH_TARGET_MISMATCH,245,30d5_unknown_or_review_rows.csv,C:\Users\Administrator\Desktop\Result\SC_Endpoint_30d_PATH_OWNER_AUDIT_FINAL\30d5_unknown_or_review_rows.csv
30d_endpoint,mini1,932,30d5_unknown_or_review_rows.csv,C:\Users\Administrator\Desktop\Result\SC_Endpoint_30d_PATH_OWNER_AUDIT_FINAL\30d5_unknown_or_review_rows.csv
30d_endpoint,icloud.com,60,30d5_unknown_or_review_rows.csv,C:\Users\Administrator\Desktop\Result\SC_Endpoint_30d_PATH_OWNER_AUDIT_FINAL\30d5_unknown_or_review_rows.csv
30d_endpoint,apple.com,430,30d5_unknown_or_review_rows.csv,C:\Users\Administrator\Desktop\Result\SC_Endpoint_30d_PATH_OWNER_AUDIT_FINAL\30d5_unknown_or_review_rows.csv
30d_endpoint,TARGET_PATH_ONLY,1,30d6_final_focus_endpoint_summary.csv,C:\Users\Administrator\Desktop\Result\SC_Endpoint_30d_PATH_OWNER_AUDIT_FINAL\30d6_final_focus_endpoint_summary.csv
30d_endpoint,PATH_TARGET_MISMATCH,2,30d6_final_focus_endpoint_summary.csv,C:\Users\Administrator\Desktop\Result\SC_Endpoint_30d_PATH_OWNER_AUDIT_FINAL\30d6_final_focus_endpoint_summary.csv
30d_endpoint,mini1,1,30d6_final_focus_endpoint_summary.csv,C:\Users\Administrator\Desktop\Result\SC_Endpoint_30d_PATH_OWNER_AUDIT_FINAL\30d6_final_focus_endpoint_summary.csv
30d_endpoint,C2025AUG,1,30d6_final_focus_endpoint_summary.csv,C:\Users\Administrator\Desktop\Result\SC_Endpoint_30d_PATH_OWNER_AUDIT_FINAL\30d6_final_focus_endpoint_summary.csv
30d_endpoint,icloud.com,11,30d6_final_focus_endpoint_summary.csv,C:\Users\Administrator\Desktop\Result\SC_Endpoint_30d_PATH_OWNER_AUDIT_FINAL\30d6_final_focus_endpoint_summary.csv
30d_endpoint,apple.com,19,30d6_final_focus_endpoint_summary.csv,C:\Users\Administrator\Desktop\Result\SC_Endpoint_30d_PATH_OWNER_AUDIT_FINAL\30d6_final_focus_endpoint_summary.csv
30d_endpoint,apple.com,26,30d7_final_target_daemon_endpoint_summary.csv,C:\Users\Administrator\Desktop\Result\SC_Endpoint_30d_PATH_OWNER_AUDIT_FINAL\30d7_final_target_daemon_endpoint_summary.csv
30d_endpoint,mini1,2,30d8_external_support_summary.csv,C:\Users\Administrator\Desktop\Result\SC_Endpoint_30d_PATH_OWNER_AUDIT_FINAL\30d8_external_support_summary.csv
30d_endpoint,C2025AUG,2,30d8_external_support_summary.csv,C:\Users\Administrator\Desktop\Result\SC_Endpoint_30d_PATH_OWNER_AUDIT_FINAL\30d8_external_support_summary.csv
30d_endpoint,icloud.com,4,30d8_external_support_summary.csv,C:\Users\Administrator\Desktop\Result\SC_Endpoint_30d_PATH_OWNER_AUDIT_FINAL\30d8_external_support_summary.csv
30d_endpoint,apple.com,5,30d8_external_support_summary.csv,C:\Users\Administrator\Desktop\Result\SC_Endpoint_30d_PATH_OWNER_AUDIT_FINAL\30d8_external_support_summary.csv
30d_endpoint,icloud.com,4,30d9_external_daemon_endpoint_summary.csv,C:\Users\Administrator\Desktop\Result\SC_Endpoint_30d_PATH_OWNER_AUDIT_FINAL\30d9_external_daemon_endpoint_summary.csv
30d_endpoint,PATH_TARGET_MISMATCH,1,30d_MASTER_SUMMARY.json,C:\Users\Administrator\Desktop\Result\SC_Endpoint_30d_PATH_OWNER_AUDIT_FINAL\30d_MASTER_SUMMARY.json
30d_endpoint,PATH_TARGET_MISMATCH,1,30d_SHA256_MANIFEST.csv,C:\Users\Administrator\Desktop\Result\SC_Endpoint_30d_PATH_OWNER_AUDIT_FINAL\30d_SHA256_MANIFEST.csv
31d_baseline,"iPhone13,1",22,31d1_file_scan_summary.csv,C:\Users\Administrator\Desktop\Result\SC_Baseline_31d_MINI1G_FINAL\31d1_file_scan_summary.csv
31d_baseline,22F76,28,31d1_file_scan_summary.csv,C:\Users\Administrator\Desktop\Result\SC_Baseline_31d_MINI1G_FINAL\31d1_file_scan_summary.csv
31d_baseline,80,40,31d1_file_scan_summary.csv,C:\Users\Administrator\Desktop\Result\SC_Baseline_31d_MINI1G_FINAL\31d1_file_scan_summary.csv
31d_baseline,80,1022,31d3_soft_marker_rows.csv,C:\Users\Administrator\Desktop\Result\SC_Baseline_31d_MINI1G_FINAL\31d3_soft_marker_rows.csv
31d_baseline,"iPhone13,1",52,31d4_daemon_device_context_rows.csv,C:\Users\Administrator\Desktop\Result\SC_Baseline_31d_MINI1G_FINAL\31d4_daemon_device_context_rows.csv
31d_baseline,22F76,106,31d4_daemon_device_context_rows.csv,C:\Users\Administrator\Desktop\Result\SC_Baseline_31d_MINI1G_FINAL\31d4_daemon_device_context_rows.csv
31d_baseline,80,45,31d4_daemon_device_context_rows.csv,C:\Users\Administrator\Desktop\Result\SC_Baseline_31d_MINI1G_FINAL\31d4_daemon_device_context_rows.csv
31d_baseline,LOW_EXPOSURE_BASELINE_NO_HARD_SC_MARKERS,1,31d5_mini1g_final_baseline_summary.csv,C:\Users\Administrator\Desktop\Result\SC_Baseline_31d_MINI1G_FINAL\31d5_mini1g_final_baseline_summary.csv
31d_baseline,hard_sc_marker_hits,1,31d5_mini1g_final_baseline_summary.csv,C:\Users\Administrator\Desktop\Result\SC_Baseline_31d_MINI1G_FINAL\31d5_mini1g_final_baseline_summary.csv
31d_baseline,"iPhone13,1",1,31d5_mini1g_final_baseline_summary.csv,C:\Users\Administrator\Desktop\Result\SC_Baseline_31d_MINI1G_FINAL\31d5_mini1g_final_baseline_summary.csv
31d_baseline,22F76,1,31d5_mini1g_final_baseline_summary.csv,C:\Users\Administrator\Desktop\Result\SC_Baseline_31d_MINI1G_FINAL\31d5_mini1g_final_baseline_summary.csv
31d_baseline,80,27,31d5_mini1g_final_baseline_summary.csv,C:\Users\Administrator\Desktop\Result\SC_Baseline_31d_MINI1G_FINAL\31d5_mini1g_final_baseline_summary.csv
31d_baseline,LOW_EXPOSURE_BASELINE_NO_HARD_SC_MARKERS,1,31d6_baseline_score_reference.csv,C:\Users\Administrator\Desktop\Result\SC_Baseline_31d_MINI1G_FINAL\31d6_baseline_score_reference.csv
31d_baseline,hard_sc_marker_hits,1,31d6_baseline_score_reference.csv,C:\Users\Administrator\Desktop\Result\SC_Baseline_31d_MINI1G_FINAL\31d6_baseline_score_reference.csv
31d_baseline,80,1,31d6_baseline_score_reference.csv,C:\Users\Administrator\Desktop\Result\SC_Baseline_31d_MINI1G_FINAL\31d6_baseline_score_reference.csv
31d_baseline,LOW_EXPOSURE_BASELINE_NO_HARD_SC_MARKERS,1,31d_MASTER_SUMMARY.json,C:\Users\Administrator\Desktop\Result\SC_Baseline_31d_MINI1G_FINAL\31d_MASTER_SUMMARY.json
31d_baseline,hard_sc_marker_hits,1,31d_MASTER_SUMMARY.json,C:\Users\Administrator\Desktop\Result\SC_Baseline_31d_MINI1G_FINAL\31d_MASTER_SUMMARY.json
31d_baseline,"iPhone13,1",1,31d_MASTER_SUMMARY.json,C:\Users\Administrator\Desktop\Result\SC_Baseline_31d_MINI1G_FINAL\31d_MASTER_SUMMARY.json
31d_baseline,22F76,1,31d_MASTER_SUMMARY.json,C:\Users\Administrator\Desktop\Result\SC_Baseline_31d_MINI1G_FINAL\31d_MASTER_SUMMARY.json
31d_baseline,80,27,31d_MASTER_SUMMARY.json,C:\Users\Administrator\Desktop\Result\SC_Baseline_31d_MINI1G_FINAL\31d_MASTER_SUMMARY.json
31d_baseline,80,1,31d_SHA256_MANIFEST.csv,C:\Users\Administrator\Desktop\Result\SC_Baseline_31d_MINI1G_FINAL\31d_SHA256_MANIFEST.csv
32b_falsification,反証,3,32b1_observation_facts_fixed.csv,C:\Users\Administrator\Desktop\Result\SC_Falsification_32b_FINAL_MATRIX_FIXED\32b1_observation_facts_fixed.csv
32b_falsification,反証,4,32b2_falsification_matrix_fixed.csv,C:\Users\Administrator\Desktop\Result\SC_Falsification_32b_FINAL_MATRIX_FIXED\32b2_falsification_matrix_fixed.csv
32b_falsification,反証,2,32b3_normal_ios_stress_table_fixed.csv,C:\Users\Administrator\Desktop\Result\SC_Falsification_32b_FINAL_MATRIX_FIXED\32b3_normal_ios_stress_table_fixed.csv
32b_falsification,反証,1,32b5_expert_review_questions_fixed.csv,C:\Users\Administrator\Desktop\Result\SC_Falsification_32b_FINAL_MATRIX_FIXED\32b5_expert_review_questions_fixed.csv
32b_falsification,no_c2_claim,1,32b_MASTER_SUMMARY.json,C:\Users\Administrator\Desktop\Result\SC_Falsification_32b_FINAL_MATRIX_FIXED\32b_MASTER_SUMMARY.json
32b_falsification,usageclientid_not_explicit_old_new,1,32b_MASTER_SUMMARY.json,C:\Users\Administrator\Desktop\Result\SC_Falsification_32b_FINAL_MATRIX_FIXED\32b_MASTER_SUMMARY.json
32b_falsification,falsification,2,32b_MASTER_SUMMARY.json,C:\Users\Administrator\Desktop\Result\SC_Falsification_32b_FINAL_MATRIX_FIXED\32b_MASTER_SUMMARY.json
32b_falsification,overclaim,1,32b_SHA256_MANIFEST.csv,C:\Users\Administrator\Desktop\Result\SC_Falsification_32b_FINAL_MATRIX_FIXED\32b_SHA256_MANIFEST.csv
32b_falsification,falsification,1,32b_SHA256_MANIFEST.csv,C:\Users\Administrator\Desktop\Result\SC_Falsification_32b_FINAL_MATRIX_FIXED\32b_SHA256_MANIFEST.csv
